企業完整名稱,編號,統一編號,產業類別,所有權,股票代碼,加權總分,加權總分PR,經濟PR,環境PR,社會PR,股票類型
友達光電股份有限公司,5,84149738,光電業,上市,2409,136.368,100,96,100,91,投資型股票
聯華電子股份有限公司,65,47217677,半導體,上市,2303,101.592,99,100,99,91,穩健型股票
中國鋼鐵股份有限公司,90,30414175,鋼鐵工業,上市,2002,78.288,96,99,99,81,穩健型股票
中華映管股份有限公司,184,11085292,光電業,上市,2475,78.016,95,99,99,54,穩健型股票
日月光半導體製造股份有限公司,102,76027628,半導體,上市,2311,71.36,94,96,99,91,穩健型股票
光寶科技股份有限公司,84,23357403,電腦及週邊,上市,2301,97.888,99,85,99,81,穩健型股票
中聯資源股份有限公司,96,86119908,其他,上市,9930,63.752,91,85,99,91,穩健型股票
中華航空股份有限公司,69,11145904,航運業,上市,2610,77.896,95,96,97,54,穩健型股票
欣興電子股份有限公司,76,23535435,電子零組件,上市,3037,63.768,91,96,97,71,積極型股票
群聯電子股份有限公司,88,12649951,電腦及週邊,上櫃,8299,51.728,75,96,97,87,穩健型股票
康舒科技股份有限公司,240,12341051,電子零組件,上市,6282,69.696,93,93,97,54,投資型股票
佳世達科技股份有限公司,224,12490306,電腦及週邊,上市,2352,102.368,100,85,97,81,穩健型股票
英業達股份有限公司,222,04322046,電腦及週邊,上市,2356,80.312,96,76,97,62,積極型股票
裕隆汽車製造股份有限公司,212,03489200,汽車工業,上市,2201,54.584,79,65,97,71,穩健型股票
正隆股份有限公司,18,33085508,造紙工業,上市,1904,44.208,65,30,97,96,穩健型股票
南?樹脂化學工廠股份有限公司,442,74229304,化學工業,未上市櫃,N/A,58.984,86,96,95,98,#N/A
台灣積體電路製造股份有限公司,114,22099131,半導體,上市,2330,96.776,99,85,95,62,投資型股票
台達電子工業股份有限公司,121,34051920,電子零組件,上市,2308,87.384,98,85,95,91,穩健型股票
亞洲水泥股份有限公司,35,03244509,水泥工業,上市,1102,86.272,98,85,95,54,穩健型股票
中強光電股份有限公司,271,22099907,光電業,上櫃,5371,66.176,92,76,95,100,投資型股票
環旭電子股份有限公司,416,28990714,電子零組件,外商,601231,65.072,91,76,95,91,#N/A
黑松股份有限公司,97,20651901,食品工業,上市,1234,55.72,81,76,95,87,投資型股票
璨揚企業股份有限公司,296,69702104,汽車工業,未上市櫃,N/A,43.424,63,76,95,71,#N/A
台灣電力股份有限公司,115,03795904,其他,未上市櫃,9963,55.208,80,65,95,23,#N/A
矽品精密工業股份有限公司,108,55991080,半導體,上市,2325,63.208,90,53,95,96,穩健型股票
仁寶電腦工業股份有限公司,60,21222725,電腦及週邊,上市,2324,58.6,86,96,92,71,投資型股票
台灣糖業股份有限公司,267,03794905,食品工業,未上市櫃,1237,103.368,100,93,92,91,#N/A
群創光電股份有限公司,237,12800225,光電業,上市,3481,96.208,98,93,92,54,投資型股票
緯創資通股份有限公司,299,12868358,電腦及週邊,上市,3231,60.784,89,85,92,62,穩健型股票
中鼎工程股份有限公司,64,20817282,其他,上市,9933,76.76,95,76,92,81,穩健型股票
宏眭悒鬫陪迨膝q,209,20828393,電腦及週邊,上市,2353,63.424,90,76,92,15,穩健型股票
啟眲鴔猼悒鬫陪迨膝q,285,97331723,通信網路業,上市,6285,55.632,80,76,92,33,積極型股票
研華股份有限公司,356,05155853,電腦及週邊,上市,2395,78.624,96,65,92,91,積極型股票
中國鋼鐵結構股份有限公司,55,85800192,鋼鐵工業,上市,2013,38.56,53,65,92,54,投資型股票
聯成化學科技股份有限公司,202,04748660,塑膠工業,上市,1313,48.584,70,53,92,43,穩健型股票
中龍鋼鐵股份有限公司,307,84613756,鋼鐵工業,未上市櫃,2048,60.784,89,41,92,91,#N/A
南茂科技股份有限公司,290,16130042,半導體,上市,8150,47.768,69,41,92,6,穩健型股票
定穎電子股份有限公司,340,22993144,電子零組件,上市,6251,71.632,94,99,88,43,穩健型股票
長榮航空股份有限公司,253,23225229,航運業,上市,2618,67.528,93,99,88,71,穩健型股票
南亞塑膠工業股份有限公司,161,75370905,塑膠工業,上市,1303,65.36,92,96,88,87,投資型股票
信邦電子股份有限公司,352,23542766,電子零組件,上市,3023,48.096,69,93,88,81,投資型股票
和碩聯合科技股份有限公司,195,28689155,電腦及週邊,上市,4938,57.176,84,85,88,81,穩健型股票
世界先進積體電路股份有限公司,181,84149358,半導體,上櫃,5347,44.088,65,85,88,62,穩健型股票
瀚宇彩晶股份有限公司,150,16450500,光電業,上市,6116,42.56,61,76,88,87,投資型股票
無敵科技股份有限公司,170,23163259,其他電子業,上市,8201,24,19,76,88,3,積極型股票
蓋曼立凱電能科技(股)公司,98,27714536,電子零組件,上櫃,5227,65.832,92,65,88,81,積極型股票
寶成工業股份有限公司,146,58711014,其他,上市,9904,60.616,88,65,88,98,穩健型股票
台橡股份有限公司,218,03553737,橡膠工業,上市,2103,57.752,85,65,88,91,積極型股票
華碩電腦股份有限公司,71,23638777,電腦及週邊,上市,2357,56.92,83,65,88,62,投資型股票
台灣國際造船股份有限公司,105,04695235,航運業,上市,2208,52.312,76,65,88,62,積極型股票
宏遠興業股份有限公司,446,22817999,紡織纖維,上市,1460,40.776,58,65,88,81,穩健型股票
全台晶像股份有限公司,357,89261652,光電業,上櫃,3038,59.216,86,53,88,81,穩健型股票
台灣菸酒股份有限公司,458,03787101,其他,未上市櫃,8394,57.648,84,53,88,62,#N/A
昱晶能源科技股份有限公司,448,27757133,光電業,上市,3514,43.952,64,53,88,81,積極型股票
技嘉科技股份有限公司,72,22044755,電腦及週邊,上市,2376,46.728,68,41,88,99,穩健型股票
達運精密工業股份有限公司,367,23504361,光電業,上市,6120,33.944,43,41,88,9,穩健型股票
朋程科技股份有限公司,204,16748101,電機機械,上櫃,8255,53.04,77,30,88,81,穩健型股票
台灣玻璃工業股份有限公司,185,11914002,玻璃陶瓷,上市,1802,70,94,96,82,62,積極型股票
聯發科技股份有限公司,43,84149961,半導體,上市,2454,60.328,87,93,82,91,積極型股票
和大工業股份有限公司,390,52264848,電機機械,上市,1536,56.464,82,93,82,71,積極型股票
欣銓科技股份有限公司,216,70751779,半導體,上櫃,3264,49.752,72,93,82,9,穩健型股票
凌巨科技股份有限公司,79,16432742,光電業,上市,8105,42.416,61,93,82,81,穩健型股票
遠傳電信股份有限公司,129,97179430,通信網路業,上市,4904,83.768,97,85,82,87,投資型股票
遠東新世紀股份有限公司,27,03522600,紡織纖維,上市,1402,81.864,96,85,82,15,投資型股票
第一金融控股股份有限公司,119,80351999,金融業,上市,2892,68.136,93,85,82,71,投資型股票
上銀科技股份有限公司,75,23503047,電機機械,上市,2049,60.632,88,85,82,87,積極型股票
新光金融控股股份有限公司,159,80328219,金融業,上市,2888,55.04,80,76,82,71,穩健型股票
圓展科技股份有限公司,80,28428722,光電業,上市,3669,48.368,70,76,82,99,投資型股票
京元電子股份有限公司,239,22507241,半導體,上市,2449,44.944,67,76,82,87,投資型股票
金寶電子工業股份有限公司,126,04370927,其他電子業,上市,2312,33.632,42,76,82,15,投資型股票
台塑石化股份有限公司,214,86522210,油電燃氣業,上市,6505,60.984,89,65,82,33,投資型股票
晶元光電股份有限公司,226,84149786,光電業,上市,2448,59.984,87,65,82,23,積極型股票
華邦電子股份有限公司,81,22099218,半導體,上市,2344,58.48,85,65,82,91,積極型股票
榮成紙業股份有限公司,430,34202841,造紙工業,上市,1909,58.04,85,65,82,96,穩健型股票
中華汽車工業股份有限公司,61,43680739,汽車工業,上市,2204,42.264,61,65,82,33,投資型股票
新光合成纖維股份有限公司,236,07435515,紡織纖維,上市,1409,39.384,54,65,82,33,穩健型股票
裕民航運股份有限公司,143,47067419,航運業,上市,2606,42.552,61,53,82,43,積極型股票
台灣晶技股份有限公司,251,21204867,電子零組件,上市,3042,85.368,97,41,82,6,投資型股票
台灣塑膠工業股份有限公司,381,75708007,塑膠工業,上市,1301,56.92,83,41,82,87,投資型股票
東和鋼鐵企業股份有限公司,124,75280209,鋼鐵工業,上市,2006,56.528,82,41,82,43,穩健型股票
致伸科技股份有限公司,169,28006928,電腦及週邊,上市,4915,52.104,76,41,82,6,穩健型股票
三陽工業股份有限公司,263,24004006,汽車工業,上市,2206,34.4,44,41,82,71,穩健型股票
宏正自動科技股份有限公司,192,12403422,電腦及週邊,上市,6277,68.032,93,30,82,71,投資型股票
合勤投資控股股份有限公司,400,28999503,通信網路業,上市,3704,45.208,67,12,82,9,積極型股票
歐萊德國際股份有限公司,329,12890464,其他,未上市櫃,N/A,14,6,0,82,3,#N/A
台灣大哥大股份有限公司,17,97176270,通信網路業,上市,3045,100.848,99,96,75,33,投資型股票
台灣水泥股份有限公司,182,11913502,水泥工業,上市,1101,50.904,74,96,75,9,穩健型股票
力成科技股份有限公司,200,16082267,半導體,上市,6239,68.448,93,93,75,43,穩健型股票
旭富製藥科技股份有限公司,242,22662545,生技醫療,上市,4119,54.456,78,93,75,71,穩健型股票
富邦金融控股股份有限公司,54,03374805,金融業,上市,2881,56.056,81,85,75,62,穩健型股票
綠能科技股份有限公司,104,27335280,半導體,上市,3519,54.464,79,85,75,71,積極型股票
華南金融控股股份有限公司,229,70826764,金融業,上市,2880,51.856,75,85,75,87,投資型股票
石安牧場蛋行,341,73882938,食品工業,未上市櫃,0,51.312,74,85,75,54,#N/A
裕隆日產汽車股份有限公司,164,80032530,汽車工業,上市,2227,42.968,62,85,75,43,穩健型股票
燿華電子股份有限公司,445,05637971,電子零組件,上市,2367,56.936,83,76,75,54,穩健型股票
東聯化學股份有限公司,110,14057995,化學工業,上市,1710,56.088,81,76,75,33,積極型股票
福懋科技股份有限公司,318,23826736,半導體,上市,8131,41.264,60,76,75,23,投資型股票
台灣松下電器股份有限公司,389,33385300,電子零組件,外商,0,38.224,51,76,75,43,#N/A
台灣肥料股份有限公司,7,03795101,化學工業,上市,1722,53.328,77,65,75,71,投資型股票
統一企業股份有限公司,6,73251209,食品工業,上市,1216,51.904,76,65,75,54,投資型股票
台灣富士全錄股份有限公司,286,03550014,電腦及週邊,外商,N/A,51.432,75,65,75,91,#N/A
禾伸堂企業股份有限公司,360,20891326,電子零組件,上市,3026,48.552,70,65,75,91,穩健型股票
中國石油化學工業開發股份有限公司,191,03084741,塑膠工業,上市,1314,63.424,90,53,75,62,穩健型股票
明安國際企業股份有限公司,162,22532826,其他,上櫃,8938,43.416,63,53,75,54,穩健型股票
中鋼機械股份有限公司,349,70818455,電機機械,未上市櫃,N/A,57.48,84,41,75,98,#N/A
中鴻鋼鐵股份有限公司,53,07838854,鋼鐵工業,上市,2014,47,69,41,75,81,穩健型股票
光隆實業股份有限公司,168,33111800,其他,上櫃,8916,46.888,68,30,75,54,積極型股票
臺南紡織股份有限公司,16,68919301,紡織纖維,上市,1440,44.992,67,30,75,81,穩健型股票
福懋興業股份有限公司,41,14001199,紡織纖維,上市,1434,32.8,40,30,75,23,投資型股票
璟德電子工業股份有限公司,219,16443570,通信網路業,上櫃,3152,36.656,49,21,75,71,穩健型股票
台塑勝高科技股份有限公司,147,89406518,半導體,上市,3532,29.416,32,21,75,33,積極型股票
長興材料工業股份有限公司,59,75339004,化學工業,上市,1717,37.408,51,12,75,99,投資型股票
精英電腦股份有限公司,149,22449566,電腦及週邊,上市,2331,29.92,33,6,75,54,積極型股票
全漢企業股份有限公司,68,84239055,電子零組件,上市,3015,28.2,28,3,75,54,投資型股票
中鋼運通股份有限公司,316,96973086,航運業,未上市櫃,N/A,89.32,98,85,68,71,#N/A
華新麗華股份有限公司,10,35412204,電器電纜,上市,1605,57.056,83,85,68,81,穩健型股票
義隆電子股份有限公司,394,84149224,半導體,上市,2458,42.856,62,85,68,15,積極型股票
臺灣永光化學工業股份有限公司,45,15458455,化學工業,上市,1711,36.544,49,85,68,3,穩健型股票
大亞電線電纜股份有限公司,334,68035907,電器電纜,上市,1609,51.008,74,76,68,87,穩健型股票
味全食品工業股份有限公司,372,11347802,食品工業,上市,1201,45.872,68,76,68,33,積極型股票
華亞科技股份有限公司,155,80353271,半導體,上市,3474,39.824,55,76,68,33,積極型股票
日勝化工股份有限公司,28,23263551,化學工業,上市,1735,31.968,37,76,68,43,投資型股票
中國信託金融控股股份有限公司,78,80333992,金融業,上市,2891,81.072,96,65,68,81,投資型股票
和泰汽車股份有限公司,127,03251108,汽車工業,上市,2207,64.136,91,65,68,71,穩健型股票
大同股份有限公司,423,11026506,電機機械,上市,2371,61.632,89,65,68,100,積極型股票
中國人壽保險股份有限公司,221,03434016,金融業,上市,2823,49.768,72,65,68,33,積極型股票
合晶科技股份有限公司,67,16138282,半導體,上櫃,6182,49.448,72,65,68,71,積極型股票
勝一化工股份有限公司,11,75970680,化學工業,上市,1773,38.392,53,65,68,33,穩健型股票
泰藝電子股份有限公司,66,70540563,電子零組件,上櫃,8289,26,24,65,68,43,穩健型股票
統一實業股份有限公司,77,73252657,其他,上市,9907,59,86,53,68,23,穩健型股票
聚和國際股份有限公司,111,04243562,化學工業,上櫃,6509,55.904,81,53,68,96,積極型股票
鴻準精密工業股份有限公司,86,23707801,其他電子業,上市,2354,53.68,78,53,68,15,投資型股票
南亞科技股份有限公司,172,89390656,半導體,上市,2408,53.224,77,53,68,43,穩健型股票
景碩科技股份有限公司,425,70785139,半導體,上市,3189,51.736,75,53,68,91,穩健型股票
廣達電腦股份有限公司,142,22822281,電腦及週邊,上市,2382,49.736,72,53,68,81,穩健型股票
唐榮鐵工廠股份有限公司,205,75460005,鋼鐵工業,上櫃,2035,38.72,53,53,68,6,積極型股票
信昌電子陶瓷股份有限公司,252,23641338,電子零組件,上櫃,6173,33.712,42,53,68,43,穩健型股票
?邦實業股份有限公司,157,23531297,化學工業,上櫃,6506,38.528,53,41,68,62,穩健型股票
榮剛材料科技股份有限公司,434,84252697,鋼鐵工業,上櫃,5009,36.208,48,41,68,23,穩健型股票
漢翔航空工業股份有限公司,173,97160544,航運業,上市,2634,34.544,44,41,68,87,穩健型股票
華新科技股份有限公司,437,19004316,電子零組件,上櫃,2492,34.712,46,30,68,71,穩健型股票
力晶科技股份有限公司,408,84149385,其他電子業,未上市櫃,5436,43.6,64,21,68,43,#N/A
中鋼碳素化學股份有限公司,39,23221384,化學工業,上市,1723,32.944,40,12,68,54,穩健型股票
菱生精密工業股份有限公司,257,55625676,半導體,上市,2369,26.072,24,12,68,9,穩健型股票
台北金融大樓股份有限公司,278,16095410,其他,未上市櫃,2899,50.664,73,6,68,54,#N/A
新日光能源科技股份有限公司,197,27763753,光電業,上市,3576,53.056,77,93,61,43,積極型股票
信義房屋仲介股份有限公司,107,22354940,其他,上市,9940,71.04,94,85,61,71,穩健型股票
瑞儀光電股份有限公司,83,22101208,光電業,上市,6176,60.576,88,85,61,15,投資型股票
太子建設開發股份有限公司,178,72058206,建材營造,上市,2511,40.84,58,85,61,23,投資型股票
長榮國際儲運股份有限公司,193,12508713,航運業,上市,2607,34.496,44,85,61,33,投資型股票
臺灣中華化學工業股份有限公司,4,03558206,化學工業,上市,1727,33.344,41,85,61,33,投資型股票
敦陽科技股份有限公司,137,84218848,資訊服務業,上市,2480,41.584,60,76,61,87,投資型股票
國泰金融控股股份有限公司,123,70827406,金融業,上市,2882,35.864,48,76,61,15,穩健型股票
振發實業股份有限公司,248,35320697,電腦及週邊,上櫃,5426,22,16,76,61,9,投資型股票
經濟部台灣自來水股份有限公司,301,52242444,政府機構,未上市櫃,N/A,67.136,92,65,61,96,#N/A
心之芳庭股份有限公司,354,28924742,觀光事業,未上市櫃,0,48.904,71,65,61,43,#N/A
鴻海精密工業股份有限公司,120,04541302,其他電子業,上市,2317,44.04,65,65,61,9,穩健型股票
太平洋醫材股份有限公司,243,20765714,生技醫療,上櫃,4126,38.728,53,65,61,71,穩健型股票
宏達國際電子股份有限公司,456,16003518,通信網路業,上市,2498,62.56,90,53,61,81,積極型股票
南亞電路板股份有限公司,153,16096804,電子零組件,上市,8046,60.44,88,53,61,33,穩健型股票
遠東百貨股份有限公司,194,03521905,貿易百貨,上市,2903,56.496,82,53,61,91,投資型股票
車王電子股份有限公司,230,04827138,電機機械,上市,1533,48.936,71,53,61,15,積極型股票
瑞助營造股份有限公司,128,45910546,建材營造,未上市櫃,N/A,43.992,65,53,61,71,#N/A
濟南大自然新材料股份有限公司,391,54397154,化學工業,上市,4763,34.64,45,53,61,62,積極型股票
美律實業股份有限公司,211,52375605,通信網路業,上市,2439,26.376,25,53,61,43,穩健型股票
台灣中油股份有限公司,152,03707901,塑膠工業,未上市櫃,1328,58.544,85,41,61,71,#N/A
飛宏科技股份有限公司,256,80510862,電子零組件,上市,2457,46.888,68,41,61,62,積極型股票
燁輝企業股份有限公司,215,75947936,鋼鐵工業,上市,2023,29.344,31,41,61,33,穩健型股票
圓剛科技股份有限公司,403,23611974,電腦及週邊,上市,2417,24,19,41,61,54,穩健型股票
中鋼鋁業股份有限公司,210,96971313,鋼鐵工業,未上市櫃,N/A,53.832,78,30,61,33,#N/A
李長榮化學工業股份有限公司,3,39054405,化學工業,上市,1704,46.92,69,30,61,33,穩健型股票
住華科技股份有限公司,277,70848177,化學工業,外商,N/A,37.464,51,21,61,3,#N/A
陽明海運股份有限公司,196,04200199,航運業,上市,2609,33.08,40,21,61,62,積極型股票
興農股份有限公司,25,51911712,化學工業,上市,1712,32.472,38,21,61,91,投資型股票
加高電子股份有限公司,109,75914885,電子零組件,上櫃,8182,31.072,35,21,61,54,投資型股票
茂迪股份有限公司,315,20889546,光電業,上櫃,6244,50.36,72,12,61,71,積極型股票
盛餘股份有限公司,338,79837539,鋼鐵工業,上市,2029,43.016,63,12,61,71,投資型股票
中華紙漿股份有限公司,47,94025264,造紙工業,上市,1905,25.344,23,3,61,43,穩健型股票
太平洋崇光百貨股份有限公司,95,21257316,貿易百貨,未上市櫃,N/A,75.656,95,96,54,54,#N/A
萬海航運股份有限公司,203,11395000,航運業,上市,2615,38.288,52,93,54,62,積極型股票
台灣福興工業股份有限公司,439,75706009,其他,上市,9924,31.92,37,93,54,15,投資型股票
元大金融控股股份有限公司,249,70796749,金融業,上市,2885,57.328,84,85,54,98,投資型股票
尖點科技股份有限公司,177,96912835,其他電子業,上市,8021,51.04,74,85,54,62,投資型股票
特力股份有限公司,131,20795246,貿易百貨,上市,2908,39.248,54,85,54,43,投資型股票
明基電通股份有限公司,419,70721522,電子零組件,未上市櫃,0,42.696,62,76,54,62,#N/A
南僑化學工業股份有限公司,337,07305506,食品工業,上市,1702,41.024,58,76,54,6,投資型股票
正達國際光電股份有限公司,311,97049373,光電業,上市,3149,28,28,76,54,71,積極型股票
中華電信股份有限公司,151,96979933,通信網路業,上市,2412,95.088,98,65,54,91,投資型股票
玉山金融控股股份有限公司,101,70796305,金融業,上市,2884,75.872,95,65,54,9,投資型股票
崑鼎投資控股股份有限公司,426,70758512,其他,上櫃,6803,62.288,89,65,54,62,投資型股票
統一超商股份有限公司,73,22555003,貿易百貨,上市,2912,53.952,78,65,54,43,積極型股票
台新金融控股股份有限公司,223,80328055,金融業,上市,2887,83.904,97,53,54,54,投資型股票
新光人壽保險股份有限公司,309,03458902,金融業,未上市櫃,5831,59.224,86,53,54,98,#N/A
普萊德科技股份有限公司,228,84117341,通信網路業,上櫃,6263,39.696,55,53,54,54,投資型股票
新唐科技股份有限公司,373,28112646,半導體,上市,4919,39.432,54,53,54,23,穩健型股票
元太科技工業股份有限公司,258,22099890,光電業,上櫃,8069,34.392,44,53,54,23,穩健型股票
台達化學工業股份有限公司,382,11893409,塑膠工業,上市,1309,30.8,35,53,54,15,穩健型股票
信昌化學工業股份有限公司,163,86120031,化學工業,上市,4725,25.68,23,53,54,23,積極型股票
德淵企業股份有限公司,351,04465521,化學工業,上市,4720,23.184,18,53,54,6,投資型股票
伸興工業股份有限公司,49,55754185,電機機械,上市,1558,59.392,87,41,54,91,投資型股票
創意電子股份有限公司,57,16299879,半導體,上市,3443,51.072,74,41,54,62,積極型股票
福壽實業股份有限公司,12,56192402,食品工業,上市,1219,44.488,66,41,54,15,積極型股票
錸德科技股份有限公司,393,23218873,光電業,上市,2349,55.272,80,30,54,43,積極型股票
台灣化學纖維股份有限公司,40,58650902,塑膠工業,上市,1326,54.8,79,30,54,87,投資型股票
南山人壽保險股份有限公司,275,11456006,金融業,未上市櫃,5874,48.632,71,30,54,62,#N/A
富晶通科技股份有限公司,130,70791435,光電業,上櫃,3623,40.848,58,30,54,71,穩健型股票
岱稜科技股份有限公司,287,23842911,其他電子業,上櫃,3303,32.544,39,30,54,91,投資型股票
科技部南部科學工業園區管理局,284,74805158,政府機構,未上市櫃,N/A,83.072,97,21,54,43,#N/A
大立高分子工業股份有限公司,134,85004174,化學工業,上櫃,4716,37.584,51,21,54,23,積極型股票
山林水環境工程股份有限公司,432,27329077,其他,上市,8473,28.512,29,21,54,23,#N/A
聖暉工程科技股份有限公司,304,52524653,其他電子業,上櫃,5536,34.552,45,12,54,43,穩健型股票
永豐餘投資控股股份有限公司,201,85066002,造紙工業,上市,1907,23.488,18,6,54,23,積極型股票
華夏海灣塑膠股份有限公司,58,11686106,塑膠工業,上市,1305,41.088,59,93,46,81,穩健型股票
大台北區瓦斯股份有限公司,103,11072304,油電燃氣業,上市,9908,28.688,30,85,46,23,投資型股票
宏亞食品股份有限公司,358,34106066,食品工業,上市,1236,57.072,84,76,46,91,穩健型股票
至興精機股份有限公司,343,22794503,電機機械,上櫃,4535,51.36,75,76,46,43,投資型股票
福盈科技化學股份有限公司,190,12207266,化學工業,上櫃,1787,33.696,42,76,46,71,投資型股票
鐿鈦科技股份有限公司,395,27473348,生技醫療,上櫃,4163,29.912,32,76,46,33,積極型股票
國泰建設股份有限公司,148,03374306,建材營造,上市,2501,64.016,91,65,46,71,投資型股票
三商美邦人壽保險股份有限公司,451,84443471,金融業,上市,2867,56.376,82,65,46,81,穩健型股票
台灣數位光訊科技股份有限公司,387,28371951,其他,上市,6464,40.872,58,65,46,23,穩健型股票
瓦城泰統股份有限公司,344,70843031,觀光事業,上櫃,2729,36.856,49,53,46,15,穩健型股票
台灣愛普生科技股份有限公司,283,89396194,電機機械,外商,N/A,31.96,37,53,46,15,#N/A
帆宣系統科技股份有限公司,85,23145632,其他電子業,上市,6196,31.728,36,53,46,33,穩健型股票
三福化工股份有限公司,359,80170651,化學工業,上市,4755,25,22,53,46,71,穩健型股票
潤泰精密材料股份有限公司,384,86871981,其他,上市,8463,19,12,53,46,15,穩健型股票
頎邦科技股份有限公司,366,16130009,半導體,上櫃,6147,39.248,54,41,46,87,穩健型股票
豐泰企業股份有限公司,250,63400932,其他,上市,9910,36.864,50,41,46,15,積極型股票
國喬石油化學股份有限公司,14,04212250,塑膠工業,上市,1312,35.112,46,41,46,43,投資型股票
磐儀科技股份有限公司,112,84469443,電腦及週邊,上櫃,3594,28.208,28,41,46,33,積極型股票
中環股份有限公司,198,12205020,光電業,上市,2323,27.944,28,41,46,9,積極型股票
東元電機股份有限公司,21,11332202,電機機械,上市,1504,48.496,70,30,46,62,穩健型股票
佳格食品股份有限公司,332,22102473,食品工業,上市,1227,39.704,55,30,46,71,穩健型股票
宜鼎國際股份有限公司,264,27565769,電腦及週邊,上櫃,5289,16,9,30,46,9,穩健型股票
臺灣中小企業銀行股份有限公司,26,03793407,金融業,上市,2834,40.48,57,21,46,15,投資型股票
健和興端子股份有限公司,361,59276051,電子零組件,上市,3003,35.44,46,21,46,15,穩健型股票
川湖科技股份有限公司,328,22274989,電子零組件,上市,2059,32.776,39,21,46,91,穩健型股票
國產建材實業股份有限公司,421,24060203,建材營造,上市,2504,29.4,31,21,46,9,積極型股票
和桐化學股份有限公司,13,12526607,化學工業,上市,1714,27.368,27,21,46,23,穩健型股票
金像電子(股)公司,261,30955404,電子零組件,上市,2368,22,16,21,46,71,積極型股票
弘塑科技股份有限公司,303,84355899,其他電子業,上櫃,3131,19,12,21,46,43,穩健型股票
揚明光學股份有限公司,346,12800061,光電業,上市,3504,17.808,11,21,46,9,積極型股票
潤泰創新國際股份有限公司,376,12139612,其他,上市,9945,40.736,57,12,46,62,穩健型股票
光紅建聖股份有限公司,342,97119975,通信網路業,上市,6442,33.144,40,12,46,15,穩健型股票
台揚科技股份有限公司,91,47255762,通信網路業,上市,2314,17,10,12,46,33,積極型股票
交通部民用航空局高雄國際航空站,300,28283367,政府機構,未上市櫃,N/A,31.384,36,3,46,71,#N/A
南華大學,94,08628737,非營利組織,未上市櫃,N/A,37.16,50,0,46,62,#N/A
中鋼保全股份有限公司,314,16099725,其他,未上市櫃,N/A,35.488,47,96,37,62,#N/A
新鼎系統股份有限公司,132,22619999,資訊服務業,上櫃,5209,59.848,87,76,37,62,穩健型股票
華通電腦股份有限公司,206,04401392,電子零組件,上市,2313,43.768,64,76,37,9,積極型股票
五鼎生物技術股份有限公司,20,22378963,生技醫療,上市,1733,35.44,46,76,37,62,積極型股票
亞太電信股份有限公司,122,70771579,通信網路業,上市,3682,35.128,46,76,37,9,積極型股票
台灣汽電共生股份有限公司,282,86685142,油電燃氣業,上市,8926,33.376,41,76,37,33,投資型股票
環泰企業股份有限公司,326,12529007,食品工業,上櫃,4207,43.872,64,65,37,62,穩健型股票
明揚國際科技股份有限公司,417,28288026,其他,上櫃,8420,43,63,65,37,71,投資型股票
億光電子工業股份有限公司,297,34516147,光電業,上市,2393,30.112,33,65,37,3,投資型股票
漢民微測科技股份有限公司,117,80399207,電機機械,上櫃,3658,24.064,20,65,37,3,積極型股票
中宇環保工程股份有限公司,9,84252401,電機機械,上櫃,1535,56.256,81,53,37,71,穩健型股票
中租控股股份有限公司,320,26389569,其他,上市,5871,52.664,77,53,37,62,穩健型股票
亞洲聚合股份有限公司,166,20747385,塑膠工業,上市,1308,34.232,44,53,37,62,投資型股票
日友環保科技股份有限公司,272,89922041,其他,上市,8341,30.8,35,53,37,33,積極型股票
兆豐金融控股股份有限公司,56,70796754,金融業,上市,2886,44.496,66,41,37,23,投資型股票
大統益股份有限公司,259,20927014,食品工業,上市,1232,43.496,63,41,37,15,投資型股票
永純化學工業股份有限公司,207,35108702,化學工業,上櫃,4711,34.656,45,41,37,81,投資型股票
統一綜合證券股份有限公司,438,23218183,金融業,上市,2855,33.432,42,41,37,6,投資型股票
松翰科技股份有限公司,406,97063584,半導體,上市,5471,24.896,21,41,37,43,穩健型股票
勤美股份有限公司,429,03474311,電機機械,上市,1532,24.112,20,41,37,33,投資型股票
鈦昇科技股份有限公司,302,22101002,電機機械,上櫃,8027,16,9,41,37,9,積極型股票
康普材料科技股份有限公司,276,86757124,化學工業,上市,4739,40.288,56,30,37,71,積極型股票
鮮活控股股份有限公司,370,37759808,食品工業,上市,1256,40.024,56,30,37,43,穩健型股票
台灣聚合化學品股份有限公司,62,11917107,塑膠工業,上市,1304,40.024,56,30,37,43,投資型股票
亞旭電腦股份有限公司,380,23475561,電腦及週邊,未上市櫃,2366,38.296,52,30,37,43,#N/A
其祥生物科技控股有限公司,383,53028230,食品工業,上櫃,1258,36.856,49,30,37,43,投資型股票
台灣產物保險股份有限公司,231,03557115,金融業,上市,2832,35.992,48,30,37,43,投資型股票
台中商業銀行股份有限公司,46,51816908,金融業,上市,2812,35.568,47,30,37,33,投資型股票
臺灣銀行股份有限公司,279,03557311,金融業,未上市櫃,5858,29.36,31,30,37,54,#N/A
越峰電子材料股份有限公司,292,86124395,電子零組件,上櫃,8121,29.24,30,30,37,23,積極型股票
上曜建設開發股份有限公司,140,73654033,化學工業,上市,1316,26.768,26,30,37,54,積極型股票
臺鹽實業股份有限公司,377,89397503,食品工業,上市,1737,54.592,79,21,37,23,投資型股票
彰源企業股份有限公司,135,60330130,鋼鐵工業,上市,2030,24.488,21,21,37,33,穩健型股票
嘉澤端子工業股份有限公司,345,22244141,電子零組件,上市,3533,18,11,21,37,43,穩健型股票
聯傑國際股份有限公司,158,84149759,半導體,上市,3094,14,6,21,37,9,穩健型股票
迎廣科技股份有限公司,291,09497109,電腦及週邊,上市,6117,50.752,73,12,37,62,積極型股票
大愛感恩科技股份有限公司,368,24311659,其他,未上市櫃,0,41.056,59,12,37,33,#N/A
官田鋼鐵股份有限公司,113,72065240,鋼鐵工業,上市,2017,40.728,57,12,37,81,穩健型股票
明志科技大學,305,35701534,非營利組織,未上市櫃,N/A,32.28,38,12,37,23,#N/A
工信工程股份有限公司,388,03028404,建材營造,上市,5521,24.432,21,12,37,23,積極型股票
英瑞國際股份有限公司,36,41134952,電機機械,上市,1592,20.264,14,12,37,15,穩健型股票
台灣蠟品股份有限公司,232,22625269,化學工業,上櫃,1742,19.968,13,12,37,23,積極型股票
台灣日立股份有限公司,386,11915305,電機機械,外商,N/A,18,11,6,37,62,#N/A
中國合成橡膠股份有限公司,141,04382114,橡膠工業,上市,2104,14.392,8,6,37,3,穩健型股票
台灣新光保全股份有限公司,319,12261768,其他,上市,9925,44.888,66,96,27,23,穩健型股票
緯創軟體股份有限公司,325,86714857,資訊服務業,上市,4953,29.368,31,96,27,3,穩健型股票
安心食品服務股份有限公司,269,23928945,觀光事業,上櫃,1259,33.216,41,93,27,43,穩健型股票
生泰合成工業股份有限公司,183,72197621,生技醫療,上櫃,1777,56.496,82,76,27,98,穩健型股票
毛寶股份有限公司,24,34245356,化學工業,上市,1732,36.672,49,76,27,62,穩健型股票
聯華食品工業股份有限公司,402,07569627,食品工業,上市,1231,54.936,79,65,27,91,穩健型股票
葡萄王生技股份有限公司,422,11880517,生技醫療,上市,1707,37.992,51,65,27,43,穩健型股票
艾訊股份有限公司,396,23718011,電腦及週邊,上櫃,3088,32.664,39,65,27,43,穩健型股票
頤德國際股份有限公司,63,84305863,其他,未上市櫃,N/A,60.776,88,53,27,15,#N/A
旺宏電子股份有限公司,265,22099548,半導體,上市,2337,50.376,73,53,27,54,積極型股票
國精化學股份有限公司,235,75975242,化學工業,上市,4722,34.68,46,53,27,54,投資型股票
磐亞股份有限公司,266,05712099,化學工業,上櫃,4707,26.664,25,53,27,6,穩健型股票
億豐綜合工業股份有限公司,293,28696894,其他,上市,8464,52.136,76,41,27,23,積極型股票
國票金融控股股份有限公司,355,80330257,金融業,上市,2889,40.568,57,41,27,81,投資型股票
台灣卜蜂企業股份有限公司,398,36514783,食品工業,上市,1215,38.312,52,41,27,23,穩健型股票
新美齊股份有限公司,245,22006274,電腦及週邊,上市,2442,29.64,32,41,27,62,穩健型股票
鼎固控股有限公司,227,31896684,建材營造,上市,2923,25.936,23,41,27,15,穩健型股票
正新橡膠工業股份有限公司,187,59504506,橡膠工業,上市,2105,23.904,19,41,27,33,穩健型股票
台虹科技股份有限公司,125,16198345,電子零組件,上市,8039,21.776,16,41,27,54,穩健型股票
上緯企業股份有限公司,308,86568340,化學工業,上市,4733,42.784,62,30,27,23,積極型股票
精材科技股份有限公司,160,16741846,半導體,上櫃,3374,41.616,60,30,27,43,積極型股票
遠東國際商業銀行股份有限公司,1,86517096,金融業,上市,2845,41.512,60,30,27,6,投資型股票
晶華國際酒店股份有限公司,327,04268726,觀光事業,上市,2707,35.568,47,30,27,43,穩健型股票
寶雅國際股份有限公司,312,97151664,貿易百貨,上櫃,5904,30.216,34,30,27,71,積極型股票
華榮電線電纜股份有限公司,339,79460007,電器電纜,上市,1608,28.512,29,30,27,43,穩健型股票
聯強國際股份有限公司,106,23060541,電子通路業,上市,2347,28.512,29,30,27,43,投資型股票
江申工業股份有限公司,38,35129100,電機機械,上市,1525,27.336,27,30,27,71,積極型股票
微星科技股份有限公司,213,22178368,電腦及週邊,上市,2377,45.24,67,21,27,23,穩健型股票
神達投資控股股份有限公司,74,53677966,電腦及週邊,上市,3706,42.152,61,21,27,91,投資型股票
臺北大眾捷運股份有限公司,401,84894989,其他,未上市櫃,0,36.192,48,21,27,6,#N/A
遠雄建設事業股份有限公司,365,04673318,建材營造,上市,5522,35.736,47,21,27,23,投資型股票
東鹼股份有限公司,23,11384405,化學工業,上市,1708,31.968,37,21,27,54,穩健型股票
和益化學工業股份有限公司,48,04312878,化學工業,上市,1709,30.672,34,21,27,54,投資型股票
中國化學製藥股份有限公司,33,03088802,生技醫療,上市,1701,28.672,29,21,27,33,投資型股票
中國人造纖維股份有限公司,139,07066907,化學工業,上市,1718,30.96,35,12,27,62,積極型股票
宇瞻科技股份有限公司,118,97444368,半導體,上市,8271,25,22,12,27,99,穩健型股票
高雄市立小港醫院,133,19901091,醫院機構,未上市櫃,N/A,24.992,22,12,27,54,#N/A
新普科技股份有限公司,241,86620351,電腦及週邊,上櫃,6121,16,9,12,27,43,投資型股票
大眾綜合證券股份有限公司,288,23418324,金融業,上櫃,6022,31.072,35,6,27,96,積極型股票
三晃股份有限公司,51,55738290,化學工業,上市,1721,27.264,27,6,27,15,穩健型股票
聯銘機械有限公司 ,405,86444783,電機機械,未上市櫃,0,26.632,25,6,27,81,#N/A
健鼎科技股份有限公司,234,86379707,電子零組件,上市,3044,8,3,6,27,2,穩健型股票
生達化學製藥股份有限公司,435,71122503,生技醫療,上市,1720,24.96,22,3,27,23,投資型股票
王品餐飲股份有限公司,188,84630426,觀光事業,上市,2727,46.6,68,76,21,81,積極型股票
天仁茶業股份有限公司,93,18559415,食品工業,上市,1233,38.312,52,76,21,9,投資型股票
天蔥國際股份有限公司,321,28581041,觀光事業,上櫃,2740,37.296,50,65,21,23,積極型股票
胡連精密股份有限公司,165,20759430,電子零組件,上市,6279,33.12,40,53,21,33,穩健型股票
聚陽實業股份有限公司,44,23609668,紡織纖維,上市,1477,20,14,53,21,54,穩健型股票
可成科技股份有限公司,317,69905810,其他電子業,上市,2474,18,11,53,21,33,穩健型股票
福懋油脂股份有限公司,428,22102298,食品工業,上市,1225,40.464,56,41,21,43,積極型股票
彰化商業銀行股份有限公司,52,51811609,金融業,上市,2801,40.024,56,41,21,54,投資型股票
凌華科技股份有限公司,455,89593343,電腦及週邊,上市,6166,33.256,41,41,21,54,積極型股票
美琪瑪國際股份有限公司,176,86688957,化學工業,上櫃,4721,28.808,30,41,21,33,積極型股票
大恭化學工業股份有限公司,199,11051504,化學工業,上櫃,4706,21.768,16,41,21,15,投資型股票
盛群半導體股份有限公司,392,16130330,半導體,上市,6202,20.064,14,41,21,3,投資型股票
高雄銀行股份有限公司,32,79854797,金融業,上市,2836,18.616,12,41,21,6,投資型股票
愛之味股份有限公司,379,65534366,食品工業,上市,1217,49.376,71,30,21,71,穩健型股票
長榮海運股份有限公司,92,11337775,航運業,上市,2603,45.664,67,30,21,33,積極型股票
永記造漆工業股份有限公司,34,75137605,化學工業,上市,1726,32.712,39,30,21,23,投資型股票
群益期貨股份有限公司,244,97176335,金融業,上櫃,6024,19.968,13,30,21,23,投資型股票
康和綜合證券股份有限公司,295,23824511,金融業,上櫃,6016,30.136,33,21,21,15,穩健型股票
上海商業儲蓄銀行股份有限公司,310,03036306,金融業,興櫃,5876,23.216,18,21,21,23,#N/A
宜進實業股份有限公司,144,07669338,紡織纖維,上市,1457,21,15,21,21,87,穩健型股票
長榮大學,280,06479492,非營利組織,未上市櫃,N/A,30.296,34,12,21,9,#N/A
花仙子企業股份有限公司,30,07708830,化學工業,上市,1730,22.256,17,12,21,62,投資型股票
美磊科技股份有限公司,378,23691266,通信網路業,上櫃,3068,19.112,13,12,21,33,穩健型股票
幸福水泥股份有限公司,217,40601248,水泥工業,上市,1108,11,4,12,21,9,投資型股票
致茂電子股份有限公司,335,09461025,其他電子業,上市,2360,33.872,43,6,21,43,穩健型股票
春雨工廠股份有限公司,411,88187108,鋼鐵工業,上市,2012,27.928,27,6,21,87,投資型股票
華星光通科技股份有限公司,364,12927477,通信網路業,上櫃,4979,10,4,3,21,15,積極型股票
遠雄悅來大飯店股份有限公司,412,23986016,觀光事業,上市,2712,39.568,55,65,15,71,積極型股票
中化合成生技股份有限公司,22,03088704,生技醫療,上市,1762,25.64,23,65,15,23,積極型股票
味王股份有限公司,70,07067309,食品工業,上市,1203,41.056,59,53,15,23,投資型股票
大聯大投資控股股份有限公司,82,27928328,電子通路業,上市,3702,31.976,37,53,15,33,投資型股票
資誠聯合會計師事務所,324,3932533,其他,未上市櫃,0,30.776,35,53,15,87,#N/A
台硝股份有限公司,31,38033305,化學工業,上市,1724,29.8,32,53,15,54,投資型股票
勞動基金運用局,371,0,政府機構,未上市櫃,0,20.784,15,53,15,3,#N/A
裕國冷凍冷藏股份有限公司,407,23641978,其他,上櫃,8905,32.416,38,41,15,33,投資型股票
中華食品實業股份有限公司,369,76316325,食品工業,上櫃,4205,50.544,73,30,15,62,穩健型股票
永豐金融控股股份有限公司,156,80333183,金融業,上市,2890,34.16,43,30,15,23,投資型股票
大西洋飲料股份有限公司,433,35012903,食品工業,上市,1213,32.008,38,30,15,15,投資型股票
聯邦商業銀行股份有限公司,50,86380802,金融業,上市,2838,29.544,32,30,15,33,投資型股票
盈正豫順電子股份有限公司,99,16444732,其他電子業,上櫃,3628,24.08,20,30,15,23,投資型股票
台灣神隆股份有限公司,87,16130161,生技醫療,上市,1789,21.784,16,30,15,15,積極型股票
日盛金融控股股份有限公司,281,70796826,金融業,上櫃,5820,16.48,10,30,15,3,投資型股票
京城商業銀行股份有限公司,136,68921101,金融業,上市,2809,26.208,24,21,15,71,投資型股票
元富證券股份有限公司,8,23357868,金融業,上市,2856,14.912,8,21,15,2,穩健型股票
中央再保險股份有限公司,427,11081991,金融業,上市,2851,21.128,15,12,15,43,投資型股票
大慶證券股份有限公司,138,22957098,金融業,上櫃,6021,14.544,8,12,15,6,穩健型股票
友訊科技股份有限公司,154,22099189,通信網路業,上市,2332,14.24,7,12,15,15,積極型股票
優盛醫學科技股份有限公司,443,23123644,生技醫療,上櫃,4121,11,4,12,15,15,積極型股票
成霖企業股份有限公司,414,30899261,其他,上市,9934,33.48,42,6,15,9,積極型股票
一零四資訊科技股份有限公司,431,84598349,資訊服務業,上市,3130,19.984,14,6,15,71,投資型股票
南六企業股份有限公司,347,75989858,其他,上市,6504,11,4,3,15,33,穩健型股票
宏致電子股份有限公司,350,97257738,電子零組件,上市,3605,10,4,3,15,23,穩健型股票
尚志半導體股份有限公司,397,89487188,半導體,上市,3579,4,1,3,15,0,積極型股票
融程電訊股份有限公司,145,96930209,電腦及週邊,上市,3416,13,6,0,15,62,穩健型股票
富邦媒體科技股份有限公司,404,27365925,貿易百貨,上市,8454,42.04,60,85,10,33,穩健型股票
全家便利商店股份有限公司,273,23060248,貿易百貨,上櫃,5903,39.448,54,65,10,54,穩健型股票
聯華實業股份有限公司,167,11996904,食品工業,上市,1229,48.208,70,41,10,91,穩健型股票
裕融企業股份有限公司,100,23528130,其他,上市,9941,30.128,33,41,10,23,穩健型股票
承業生醫投資控股股份有限公司,409,24483414,生技醫療,上市,4164,28.376,28,41,10,54,穩健型股票
國泰化工廠股份有限公司,42,03375001,化學工業,上市,1713,44.392,66,30,10,23,投資型股票
國賓大飯店股份有限公司,363,11636802,觀光事業,上市,2704,36.92,50,30,10,9,投資型股票
泰山企業股份有限公司,260,59661701,食品工業,上市,1218,31.16,36,30,10,9,積極型股票
第一產物保險股份有限公司,233,03359109,金融業,上市,2852,23.64,19,30,10,43,投資型股票
元大期貨股份有限公司,255,97179282,金融業,上櫃,6023,22.688,18,30,10,62,投資型股票
興泰實業股份有限公司,454,85617982,食品工業,上市,1235,26.72,26,21,10,3,穩健型股票
群益金鼎證券股份有限公司,2,22956035,金融業,上市,6005,20.512,14,21,10,9,投資型股票
新光產物保險股份有限公司,246,03458403,金融業,上市,2850,28.84,30,12,10,43,投資型股票
台灣浩鼎生技股份有限公司,375,13110677,生技醫療,上櫃,4174,23.504,18,12,10,54,積極型股票
大展證券股份有限公司,313,22955802,金融業,上櫃,6020,17.784,11,12,10,9,投資型股票
奇鋐科技股份有限公司,174,86427715,電腦及週邊,上市,3017,25.576,23,6,10,81,穩健型股票
正崴精密工業股份有限公司,189,22223510,電子零組件,上市,2392,18.48,12,6,10,43,穩健型股票
協益電子股份有限公司,262,35229109,電腦及週邊,上櫃,5356,13.896,6,6,10,15,投資型股票
閎暉實業股份有限公司,353,12956063,通信網路業,上市,3311,12,5,3,10,54,穩健型股票
富堡工業股份有限公司,180,30851864,其他,上櫃,8929,4,1,3,10,2,積極型股票
夆典科技開發股份有限公司,420,20730758,建材營造,上市,3052,8,3,0,10,23,投資型股票
雷科股份有限公司,171,22837088,電子零組件,上櫃,6207,5.056,2,0,10,3,穩健型股票
全科科技股份有限公司,323,86027892,電子通路業,上市,3209,3,1,0,10,2,投資型股票
中華開發金融控股股份有限公司,274,70827383,金融業,上市,2883,41.208,59,85,4,9,投資型股票
關貿網路股份有限公司,238,97162640,資訊服務業,上市,6183,23.92,19,76,4,23,投資型股票
根基營造股份有限公司,220,43876760,建材營造,上市,2546,30.096,33,53,4,62,投資型股票
永捷高分子工業股份有限公司,254,86123874,化學工業,上櫃,4714,26.792,26,53,4,54,積極型股票
中華票券金融股份有限公司,37,12198359,金融業,上市,2820,23.936,19,53,4,23,投資型股票
中美聯合實業股份有限公司,333,11121403,化學工業,上櫃,4702,11.448,5,53,4,2,積極型股票
好樂迪股份有限公司,415,84256265,觀光事業,上市,9943,32.736,39,41,4,15,投資型股票
旺旺友聯產物保險股份有限公司,186,03110001,金融業,上市,2816,29.088,30,41,4,71,穩健型股票
德記洋行股份有限公司,348,22358925,貿易百貨,上櫃,5902,26.568,25,41,4,3,積極型股票
中冠資訊股份有限公司,330,70767857,資訊服務業,未上市櫃,N/A,16,9,30,4,62,#N/A
東生華製藥股份有限公司,116,53093421,生技醫療,上櫃,8432,14,6,30,4,43,積極型股票
夏都國際開發股份有限公司,413,89434676,觀光事業,上市,2722,33.72,43,21,4,62,穩健型股票
德麥食品股份有限公司,410,23420497,食品工業,上櫃,1264,26.248,25,21,4,43,穩健型股票
三汰控股(開曼)股份有限公司,447,42204630,化學工業,上櫃,4762,34.584,45,12,4,71,穩健型股票
大成長城企業股份有限公司,322,73008303,食品工業,上市,1210,30.616,34,12,4,6,積極型股票
合作金庫金融控股股份有限公司,270,53021433,金融業,上市,5880,26.784,26,12,4,91,投資型股票
安泰商業銀行股份有限公司,29,86928561,金融業,上市,2849,15.04,9,12,4,23,投資型股票
財團法人中華民國佛教慈濟慈善事業基金會,399,94800552,非營利組織,未上市櫃,0,26.856,26,6,4,23,#N/A
台榮產業股份有限公司,444,3543210,食品工業,上市,1220,25.976,24,6,4,43,投資型股票
福邦證券股份有限公司,289,23471214,金融業,上市,6026,14.832,8,6,4,23,投資型股票
智擎生技製藥股份有限公司,225,80264691,生技醫療,上櫃,4162,14.208,7,6,4,6,積極型股票
興富發建設股份有限公司,424,12305479,建材營造,上市,2542,17.208,10,3,4,33,穩健型股票
龍巖股份有限公司,179,22415496,其他,上櫃,5530,8,3,3,4,23,積極型股票
森寶開發股份有限公司,336,86140894,建材營造,上櫃,3489,7,2,3,4,15,投資型股票
台灣微脂體股份有限公司,452,16176150,生技醫療,上櫃,4152,19.728,13,0,4,43,積極型股票
順達科技股份有限公司,453,16596982,電腦及週邊,上櫃,3211,5,1,0,4,9,投資型股票
友勁科技股份有限公司,294,22099744,通信網路業,上市,6142,1,0,0,4,0,積極型股票
台灣農林股份有限公司,449,07525207,貿易百貨,上市,2913,22.12,17,53,0,54,穩健型股票
王道商業銀行股份有限公司,457,70745361,金融業,興櫃,2897,44.24,65,12,0,71,#N/A
新天地國際實業股份有限公司,418,84435578,觀光事業,上市,8940,22.264,17,12,0,9,積極型股票
南璋股份有限公司,331,43696296,食品工業,上櫃,4712,21.72,16,12,0,0,積極型股票
元禎企業股份有限公司,15,12132033,化學工業,上市,1725,20.664,15,12,0,23,投資型股票
趨勢科技股份有限公司,208,23310837,電腦及週邊,外商,N/A,14,6,12,0,71,#N/A
華東科技股份有限公司,247,22101116,半導體,上市,8110,11.752,5,12,0,9,穩健型股票
雅茗天地股份有限公司,298,38634004,觀光事業,上櫃,2726,24.584,21,6,0,6,穩健型股票
開曼美食達人股份有限公司,450,39682101,觀光事業,上市,2723,24.4,21,6,0,43,積極型股票
旭隼科技股份有限公司,306,28865032,其他電子業,上市,6409,17.496,11,6,0,33,積極型股票
中華工程股份有限公司,385,75094900,建材營造,上市,2515,10,4,6,0,43,穩健型股票
中美和石油化學股份有限公司,440,14040691,油電燃氣業,未上市櫃,N/A,7,2,6,0,15,#N/A
宏遠證券股份有限公司,268,03027502,金融業,上櫃,6015,6.32,2,6,0,0,穩健型股票
星展(台灣)商業銀行股份有限公司,436,53017509,金融業,未上市櫃,5875,6,2,6,0,9,#N/A
信大水泥股份有限公司,19,03279507,水泥工業,上市,1109,2,0,6,0,0,投資型股票
和勤精機股份有限公司,175,86985605,電機機械,上市,1586,13.04,6,3,0,33,積極型股票
樺漢科技股份有限公司,362,70380046,電腦及週邊,上市,6414,6,2,3,0,15,積極型股票
台名保險經紀人股份有限公司,441,80287239,金融業,上櫃,5878,14.976,9,0,0,0,投資型股票
虹冠電子工業股份有限公司,374,16130417,半導體,上市,3257,8,3,0,0,43,積極型股票
奇美材料科技股份有限公司,89,27790294,光電業,上市,4960,0,0,0,0,0,穩健型股票
